{
    "output_000.mov": 0.0034759521484374993,
    "output_001.mov": 0.11458248562282985,
    "output_002.mov": 0.6707175360785591,
    "output_003.mov": 0.2448845757378472,
    "output_004.mov": 0.4730638292100695,
    "output_005.mov": 0.7235543145073785,
    "output_006.mov": 0.6305625067816838,
    "output_007.mov": 1.115120612250434,
    "output_008.mov": 1.9053376939561628,
    "output_009.mov": 3.9468658447265628,
    "output_010.mov": 2.4898790433114035,
    "output_011.mov": 0.6201836480034723,
    "output_012.mov": 0.40403476291232593,
    "output_013.mov": 0.18880818684895842,
    "output_014.mov": 0.2267410278320313,
    "output_015.mov": 0.21170739067925348,
    "output_016.mov": 0.2587855021158854,
    "output_017.mov": 0.4018327501085069,
    "output_018.mov": 0.14707370334201392,
    "output_019.mov": 0.09502953423394096,
    "output_020.mov": 0.18544819078947364,
    "output_021.mov": 0.10143958197699653,
    "output_022.mov": 0.19231872558593743,
    "output_023.mov": 0.4222907172309027,
    "output_024.mov": 1.8618335300021698,
    "output_025.mov": 0.4181028578016492,
    "output_026.mov": 0.17497355143229157,
    "output_027.mov": 0.7126710679796004,
    "output_028.mov": 1.1260470920138885,
    "output_029.mov": 0.6355112711588543,
    "output_030.mov": 0.956676567925347,
    "output_031.mov": 1.4909076891447366,
    "output_032.mov": 2.128331841362847,
    "output_033.mov": 2.530945671929253,
    "output_034.mov": 2.9577557033962676,
    "output_035.mov": 1.6633670383029522,
    "output_036.mov": 2.4583858913845487,
    "output_037.mov": 16.27118564181858,
    "output_038.mov": 19.714770507812506,
    "output_039.mov": 28.052850511338974,
    "output_040.mov": 23.417163933648016,
    "output_041.mov": 31.96792797423246,
    "output_042.mov": 26.656532287597656,
    "output_043.mov": 43.45776892768012,
    "output_044.mov": 22.358920966254342,
    "output_045.mov": 22.460893758138024,
    "output_046.mov": 36.73255377875436,
    "output_047.mov": 12.434011162651913,
    "output_048.mov": 30.627945963541663,
    "output_049.mov": 19.400119018554683,
    "output_050.mov": 1.0466593424479165,
    "output_051.mov": 0.4229449801974827,
    "output_052.mov": 0.6327874862938596,
    "output_053.mov": 0.3292556762695313,
    "output_054.mov": 1.7509085761176209,
    "output_055.mov": 0.9868216620551217,
    "output_056.mov": 3.69040052625868,
    "output_057.mov": 2.05597669813368,
    "output_058.mov": 1.8340576171875,
    "output_059.mov": 1.1987163967556427,
    "output_060.mov": 0.9502953423394094,
    "output_061.mov": 1.8970772637261284,
    "output_062.mov": 1.6381810238486845,
    "output_063.mov": 2.2314200507269972,
    "output_064.mov": 3.43181389702691,
    "output_065.mov": 7.023916456434461,
    "output_066.mov": 3.8617943657769076,
    "output_067.mov": 2.863305494520398,
    "output_068.mov": 4.858084106445314,
    "output_069.mov": 6.44341515435113,
    "output_070.mov": 1.6414823744032117,
    "output_071.mov": 3.471931457519531,
    "output_072.mov": 3.0242076137609657,
    "output_073.mov": 3.6305369059244783,
    "output_074.mov": 3.1552393595377612,
    "output_075.mov": 2.133093261718749,
    "output_076.mov": 3.484437391493056,
    "output_077.mov": 2.3350097656249997,
    "output_078.mov": 3.9825851440429694,
    "output_079.mov": 6.415278964572482,
    "output_080.mov": 2.557003784179688,
    "output_081.mov": 0.9322007921006944,
    "output_082.mov": 0.3611733330620656,
    "output_083.mov": 1.1422836143092105,
    "output_084.mov": 2.225621032714844,
    "output_085.mov": 1.3914040459526904,
    "output_086.mov": 0.727477010091146,
    "output_087.mov": 1.2584935506184896,
    "output_088.mov": 1.7062832302517374,
    "output_089.mov": 1.3719865587022566,
    "output_090.mov": 0.8435121324327256,
    "output_091.mov": 0.36235504150390624,
    "output_092.mov": 1.0675755818684893,
    "output_093.mov": 0.8792711759868419,
    "output_094.mov": 0.3603922526041668,
    "output_095.mov": 0.24097052680121525,
    "output_096.mov": 0.23371887207031253,
    "output_097.mov": 0.7733762953016496,
    "output_098.mov": 0.371589660644531,
    "output_099.mov": 0.9475399441189237,
    "output_100.mov": 4.129428270128039,
    "output_101.mov": 9.168544345431862,
    "output_102.mov": 9.08796624077691,
    "output_103.mov": 33.77023552788631,
    "output_104.mov": 30.641763123629392,
    "output_105.mov": 11.203642272949217,
    "output_106.mov": 5.608757188585069,
    "output_107.mov": 6.84080641004774,
    "output_108.mov": 10.842552524142791,
    "output_109.mov": 3.397005377875434,
    "output_110.mov": 4.233850945366752,
    "output_111.mov": 4.4137415568033855,
    "output_112.mov": 3.291850619845922,
    "output_113.mov": 0.9196919759114586,
    "output_114.mov": 1.7574938322368427,
    "output_115.mov": 1.778309800889757,
    "output_116.mov": 1.2313373141818575,
    "output_117.mov": 2.1017664591471354,
    "output_118.mov": 1.984197998046876,
    "output_119.mov": 2.0532414754231776,
    "output_120.mov": 0.9372763739691842,
    "output_121.mov": 1.4225435045030383,
    "output_122.mov": 0.8322599622938368,
    "output_123.mov": 30.30070783827041,
    "output_124.mov": 11.225990973578563,
    "output_125.mov": 9.5110002055921,
    "output_126.mov": 13.099313015407986,
    "output_127.mov": 3.4706200493706607,
    "output_128.mov": 8.618283250596786,
    "output_129.mov": 3.5125476413302965,
    "output_130.mov": 5.30103742811415,
    "output_131.mov": 13.848971557617183,
    "output_132.mov": 10.802403259277348,
    "output_133.mov": 3.5426956176757813,
    "output_134.mov": 7.364020792643228,
    "output_135.mov": 17.855711520010956,
    "output_136.mov": 4.221751403808594,
    "output_137.mov": 3.381850687662761,
    "output_138.mov": 4.918944973415798,
    "output_139.mov": 27.272055392795135,
    "output_140.mov": 14.000472344292534,
    "output_141.mov": 11.96947004530165,
    "output_142.mov": 9.419066535101996,
    "output_143.mov": 26.69122840033637,
    "output_144.mov": 45.23632083468966,
    "output_145.mov": 22.495297765899114,
    "output_146.mov": 18.68700408935547,
    "output_147.mov": 14.171033223470056,
    "output_148.mov": 13.847743733723958,
    "output_149.mov": 8.778756374782988,
    "output_150.mov": 9.10503472222222,
    "output_151.mov": 2.9674802992078995,
    "output_152.mov": 14.210202534993492,
    "output_153.mov": 26.25213148328992,
    "output_154.mov": 19.80946570502387,
    "output_155.mov": 20.995206366644965,
    "output_156.mov": 25.805806606359653,
    "output_157.mov": 55.14081878662108,
    "output_158.mov": 33.92461853027344,
    "output_159.mov": 9.390743001302083,
    "output_160.mov": 22.383330451117626,
    "output_161.mov": 16.406652662489154,
    "output_162.mov": 8.15082821316189,
    "output_163.mov": 10.345623948838975,
    "output_164.mov": 0.14339887830946177,
    "output_165.mov": 0.32859564887152776,
    "output_166.mov": 0.2521515213815789,
    "output_167.mov": 0.6674808078342013,
    "output_168.mov": 0.5570775349934896,
    "output_169.mov": 2.861893208821616,
    "output_170.mov": 0.8257202148437498,
    "output_171.mov": 1.8511174519856783,
    "output_172.mov": 1.3139934963650175,
    "output_173.mov": 1.0317871093749997,
    "output_174.mov": 1.7114366319444436,
    "output_175.mov": 0.6314041137695314,
    "output_176.mov": 0.16244744194878472,
    "output_177.mov": 0.03583024945175437,
    "output_178.mov": 2.1426189846462678,
    "output_179.mov": 2.412472195095486,
    "output_180.mov": 2.030843777126736,
    "output_181.mov": 14.935633171929249,
    "output_182.mov": 22.687675136990013,
    "output_183.mov": 40.098134358723954,
    "output_184.mov": 38.13687879774304,
    "output_185.mov": 25.37737325032552,
    "output_186.mov": 34.97425520155165,